inv_item_sk,inv_warehouse_sk,inv_date_sk,inv_qty_on_hand
934,17,601,174
221,22,635,708
736,43,164,61
182,32,216,971
684,4,317,873
592,49,581,501
543,3,337,330
788,3,110,304
946,18,225,3
101,7,69,641
899,28,499,28
808,23,108,140
703,5,59,485
322,16,330,202
363,49,696,983
301,44,172,762
253,28,380,685
216,50,491,356
382,35,272,621
99,9,651,562
184,25,318,187
313,37,84,275
800,34,343,876
636,26,118,519
631,19,416,330
671,35,347,260
751,29,229,841
634,36,582,247
665,1,86,988
437,8,183,977
481,39,146,305
185,25,133,935
528,6,68,845
329,2,460,123
431,35,581,843
130,14,149,792
779,8,499,114
87,18,388,948
476,21,215,992
34,6,323,797
499,4,339,363
459,48,38,863
106,18,251,843
675,2,150,784
454,46,401,463
670,40,674,943
585,8,688,523
131,18,282,8
288,10,546,230
132,17,174,26
43,39,339,272
84,3,521,820
930,19,130,803
613,30,621,707
417,31,402,303
143,27,256,739
235,46,215,993
126,13,162,365
426,12,88,901
178,41,477,281
85,47,705,318
14,46,341,377
104,28,685,791
132,48,620,479
479,10,628,70
415,8,690,780
954,49,431,602
226,18,590,848
428,6,472,898
317,26,259,560
463,41,516,191
58,31,676,600
877,22,725,871
154,4,511,346
484,2,273,803
644,50,394,281
546,44,207,904
907,43,474,82
921,21,216,776
62,13,499,427
195,44,115,498
997,18,518,107
735,27,470,258
232,7,150,124
754,35,185,470
156,23,578,870
429,30,229,996
304,43,510,324
889,13,661,107
491,36,302,713
867,6,436,668
257,30,347,755
386,2,622,948
111,22,480,746
706,24,284,107
383,30,630,439
123,43,268,773
156,36,188,236
282,9,717,560
174,4,636,448
540,33,433,128
158,16,691,333
872,15,284,743
184,10,123,228
924,42,160,727
571,27,549,505
711,38,676,923
510,14,169,335
582,36,651,602
398,4,626,590
806,46,249,889
796,39,289,506
366,35,383,634
519,39,251,309
267,16,156,754
528,3,102,610
263,44,15,633
290,24,76,449
465,38,24,716
112,32,77,355
778,19,515,599
269,37,328,55
382,16,701,951
860,25,130,945
245,28,687,14
453,27,569,166
889,28,234,455
291,45,20,390
515,46,334,583
448,17,424,373
819,9,69,336
887,31,150,295
551,40,340,390
735,26,334,983
288,28,289,219
612,33,579,599
481,44,614,222
5,48,452,947
5,1,288,406
420,27,61,736
881,50,711,370
698,11,137,716
946,27,105,851
952,9,308,496
115,13,23,338
165,1,405,274
727,2,577,65
635,42,82,743
780,29,15,407
443,37,235,325
304,33,624,109
722,42,24,885
166,46,90,869
126,17,30,899
604,6,322,320
813,35,106,410
502,13,536,221
238,39,706,599
924,30,2,859
300,40,530,199
328,27,243,188
487,31,49,219
416,5,599,225
154,33,518,825
835,42,505,349
903,9,325,479
438,35,483,356
954,43,186,415
273,16,449,947
611,44,509,943
727,38,504,751
346,9,345,311
134,7,472,92
783,39,122,425
539,18,729,619
887,45,341,582
571,11,388,223
943,50,318,709
599,19,669,320
836,40,44,333
714,14,476,373
805,50,659,997
690,42,278,576
623,4,283,619
648,22,722,122
781,5,728,261
116,1,81,6
566,40,548,947
476,42,172,384
585,44,18,359
913,40,315,460
100,13,506,197
607,9,386,844
709,25,436,991
603,24,703,878
737,40,522,72
666,34,206,784
484,46,5,195
594,18,508,756
227,46,112,793
190,49,641,337
847,18,638,507
47,32,360,97
302,37,643,816
507,27,508,317
62,4,157,545
416,32,257,748
98,27,31,947
465,16,93,597
946,34,369,46
856,18,488,544
575,9,347,371
395,44,431,107
190,35,644,957
171,49,305,50
860,34,153,568
814,43,463,749
969,49,136,452
654,49,297,904
986,3,388,318
511,3,546,538
457,3,262,297
587,6,661,416
681,2,494,718
196,2,155,490
714,24,658,545
509,38,263,910
196,10,11,366
48,2,40,797
789,39,682,273
687,14,399,344
612,28,2,833
907,32,346,285
804,50,354,269
732,44,192,177
217,14,448,8
427,50,717,606
257,13,305,454
138,38,693,437
594,45,678,224
162,7,338,132
588,45,593,369
588,26,81,761
821,29,642,36
965,33,537,367
835,18,557,753
729,8,574,523
142,28,274,618
820,43,646,828
15,44,604,256
87,45,188,379
911,20,496,142
306,28,209,219
35,49,202,309
348,35,710,746
293,1,602,673
756,18,197,42
519,37,304,252
656,48,447,884
421,27,727,303
505,44,40,340
318,44,485,99
813,38,585,408
121,15,708,894
697,44,48,447
611,24,493,709
53,31,127,228
20,48,515,29
901,10,675,669
521,31,544,327
164,32,711,136
742,18,319,981
32,27,578,345
197,24,728,75
511,6,477,127
887,8,568,521
131,10,80,957
254,8,455,148
238,25,72,209
129,42,558,852
39,2,47,782
108,39,343,622
901,20,5,534
654,45,486,258
636,23,32,223
209,17,423,454
30,24,470,909
460,13,403,686
274,8,290,61
970,12,188,397
619,23,435,825
975,12,5,639
279,33,292,721
657,26,82,787
747,36,58,152
539,33,153,818
223,37,514,552
783,19,198,486
481,9,107,75
524,14,648,942
662,5,569,995
711,22,88,719
494,21,670,246
35,40,658,490
170,44,19,264
513,46,415,807
859,35,101,561
153,4,288,931
73,9,611,753
847,9,339,41
988,27,601,569
661,16,183,65
946,17,720,660
713,18,375,676
644,27,646,571
657,49,433,905
221,6,317,419
975,36,500,785
7,18,81,827
100,24,124,429
723,27,598,346
322,13,625,139
788,6,549,101
868,45,111,695
139,19,403,256
673,34,676,569
49,29,552,890
551,39,640,51
512,4,476,504
241,2,592,575
959,16,634,170
951,12,185,539
149,8,651,979
991,1,142,120
883,23,154,200
276,44,539,312
898,8,469,727
721,7,580,241
129,11,340,458
93,29,464,614
96,33,364,43
410,20,112,608
466,45,510,230
134,2,223,404
13,31,120,850
298,38,726,985
536,30,39,852
209,29,543,735
271,50,285,382
486,41,417,680
478,28,694,219
122,48,290,123
720,14,691,102
730,40,177,632
620,14,191,181
749,15,600,306
767,32,682,546
37,3,51,360
31,50,439,448
118,24,385,674
415,14,394,545
714,21,441,529
539,43,64,812
65,3,593,646
874,39,613,503
795,14,270,547
692,12,635,48
284,24,11,906
370,32,217,130
757,27,649,405
204,4,368,425
156,44,366,767
608,29,152,132
876,14,489,24
595,50,97,973
276,20,164,679
666,35,529,256
998,22,555,916
217,6,701,781
439,1,296,613
398,49,677,772
41,40,112,192
210,1,507,473
176,26,141,609
151,33,468,356
56,19,367,238
816,49,722,825
703,10,711,542
144,20,556,379
828,44,525,941
64,9,335,470
415,40,597,710
568,24,525,599
197,39,489,158
355,7,30,548
613,27,448,304
89,30,174,559
714,36,331,701
379,6,547,973
579,24,670,335
236,39,288,354
208,18,355,172
213,34,375,173
113,19,421,890
128,5,82,59
996,47,378,355
610,46,474,753
583,48,288,189
176,48,253,807
283,7,252,149
314,11,424,707
932,11,521,629
752,35,618,761
218,25,326,117
631,23,423,330
734,18,366,708
774,27,8,231
358,26,392,125
637,32,198,589
747,40,386,827
985,17,66,490
960,49,405,672
642,47,681,346
479,1,496,459
988,39,272,595
99,12,3,51
195,9,377,909
525,42,390,385
200,31,32,180
82,27,579,735
531,31,29,576
67,10,723,445
428,45,474,112
949,31,223,566
140,14,211,482
619,32,99,218
894,2,164,648
999,31,73,681
363,6,222,895
973,14,150,442
600,3,95,556
501,41,196,800
431,16,510,384
849,12,494,786
306,11,49,552
759,26,50,38
183,7,638,113
939,10,699,307
845,5,414,659
292,18,662,466
634,27,534,550
161,17,559,614
247,9,202,648
84,29,644,266
857,35,724,308
700,33,482,738
270,8,384,146
831,1,214,98
307,30,383,997
317,44,530,994
764,34,26,813
389,6,483,311
502,16,527,244
755,26,435,639
292,32,116,526
828,14,292,287
631,40,543,361
392,19,475,158
364,24,253,836
746,28,324,700
736,44,378,321
401,1,349,601
773,12,195,206
531,38,142,327
111,27,599,125
888,15,721,644
834,2,427,555
982,15,106,735
834,41,187,608
144,34,351,35
245,17,88,197
917,22,630,37
512,48,47,881
401,30,89,364
90,21,162,881
374,46,728,784
563,47,394,186
116,32,40,15
518,31,520,69
199,48,179,626
600,6,97,863
113,8,548,902
711,12,658,809
472,39,558,734
312,4,377,662
985,33,144,503
240,18,376,616
625,34,394,363
726,40,562,597
1000,35,598,947
907,12,689,59
561,23,537,813
186,18,326,816
341,1,193,641
97,28,243,847
46,31,243,212
355,39,602,552
332,30,641,863
355,5,136,890
910,46,181,737
996,23,208,506
430,42,601,900
529,20,535,146
913,46,564,148
689,17,93,860
64,45,280,879
135,2,676,457
95,42,41,89
766,41,355,428
227,15,595,101
536,48,43,646
793,31,357,717
642,32,391,659
285,19,636,209
679,12,150,879
591,13,193,33
682,32,317,166
914,13,153,562
620,16,92,791
715,3,319,587
782,36,555,54
430,37,306,277
38,27,207,898
473,9,80,924
679,14,443,440
781,46,730,120
756,24,621,177
753,36,167,185
278,38,444,251
535,11,376,831
387,39,452,97
428,39,621,80
465,21,377,686
299,6,249,221
33,33,111,377
693,5,71,664
234,2,40,82
42,48,341,565
645,38,614,758
116,7,260,824
262,15,307,774
812,41,141,257
590,43,279,69
962,22,397,126
198,24,316,844
394,25,202,576
17,29,200,833
521,30,345,445
322,44,429,123
854,37,75,860
96,12,622,301
664,41,591,5
304,48,44,73
148,31,141,982
886,20,702,114
629,50,506,361
31,10,522,569
907,44,469,202
250,36,68,455
269,23,312,631
550,45,363,423
185,30,366,451
486,29,683,475
567,49,202,172
74,41,540,761
396,29,209,209
724,29,152,388
324,28,701,539
206,29,174,883
56,4,296,322
67,26,379,365
843,40,66,335
71,31,696,554
783,47,150,450
238,15,708,820
957,22,55,191
117,20,168,102
497,9,90,631
609,34,613,878
535,9,226,712
857,29,141,155
263,9,524,145
202,19,264,756
825,10,637,697
59,29,124,178
149,47,245,31
161,50,347,219
686,1,4,820
481,10,231,824
151,19,560,655
281,18,264,284
62,22,104,202
679,29,289,647
558,35,459,57
367,22,262,815
936,34,13,46
367,30,185,886
337,49,158,836
589,42,260,313
631,15,54,973
586,45,584,531
720,11,204,201
856,47,144,911
90,23,212,928
682,11,531,891
890,12,222,249
156,4,87,517
426,46,111,969
773,25,176,405
655,19,360,395
56,38,527,43
469,34,452,129
667,6,66,228
672,50,568,993
310,32,650,860
63,20,56,186
842,11,500,268
912,40,202,9
701,4,705,234
526,43,168,813
880,40,378,905
377,15,391,666
231,6,356,975
742,30,658,926
242,30,45,971
228,36,549,346
462,29,132,671
996,27,4,787
210,14,194,833
386,50,28,433
199,23,592,577
643,38,620,28
803,25,449,654
880,1,140,225
768,7,469,786
339,3,540,101
17,21,251,338
139,7,445,983
975,12,132,972
591,27,366,135
162,7,113,975
588,34,429,319
753,18,487,85
199,15,285,86
532,7,164,614
102,45,722,385
778,35,412,915
53,25,186,332
869,14,428,815
747,5,212,679
532,7,532,276
527,29,539,817
849,25,512,859
482,30,76,76
31,38,46,696
600,16,204,668
766,49,166,10
970,29,643,407
185,24,494,218
89,25,619,379
441,10,568,329
577,43,713,85
924,26,628,70
368,35,671,154
808,2,636,94
18,1,242,820
969,28,443,478
814,21,550,41
650,35,186,955
490,15,226,501
467,39,626,794
808,29,702,956
656,40,210,72
721,23,534,892
632,47,195,415
333,31,292,657
530,22,525,414
534,22,554,906
483,45,234,670
190,24,488,302
899,20,236,227
551,30,715,889
159,13,258,772
106,49,260,150
608,14,591,628
686,7,82,586
732,27,514,990
732,27,191,898
116,7,244,501
373,39,439,288
513,35,463,766
180,3,387,508
622,30,676,171
205,36,289,156
525,50,84,525
178,26,702,603
663,24,689,295
595,2,63,76
760,2,231,929
537,1,103,183
98,37,139,917
264,41,297,413
767,14,205,60
174,37,457,233
851,37,595,349
601,37,644,719
158,32,313,47
933,13,233,818
622,11,75,238
156,34,214,855
623,44,44,420
716,48,545,267
836,3,59,768
327,6,335,394
210,37,225,374
128,16,2,238
623,39,314,847
584,9,44,717
69,13,193,669
52,14,318,153
174,35,588,588
343,45,97,566
678,48,168,843
297,15,129,378
950,25,348,15
728,37,293,719
563,19,420,716
683,19,369,369
432,38,606,730
8,14,200,408
872,23,287,325
252,8,653,349
490,20,252,307
480,38,492,379
430,19,652,251
159,31,209,201
158,38,632,612
983,25,57,284
879,16,177,61
664,28,121,813
93,10,124,984
802,30,10,277
781,14,486,587
432,49,359,26
970,36,289,204
194,50,474,958
135,17,110,665
826,29,315,602
45,40,452,563
167,31,422,622
558,7,493,703
996,8,673,428
295,10,56,670
741,48,498,258
232,30,324,698
75,43,472,826
831,31,503,521
314,9,375,120
46,45,573,90
444,22,667,515
560,31,573,455
79,5,585,403
899,31,267,681
504,30,350,855
222,6,393,151
680,30,629,491
44,28,389,877
584,40,611,741
379,23,87,345
804,19,62,253
811,10,565,634
153,28,154,298
465,22,247,811
417,27,416,573
695,1,167,570
964,40,315,419
104,45,295,831
376,21,280,380
876,5,115,826
752,32,352,325
799,38,377,527
222,37,682,928
541,10,96,993
358,29,17,606
927,24,654,431
314,25,142,722
622,23,413,449
189,14,4,518
336,21,283,661
990,19,226,751
422,50,307,988
288,38,232,488
314,49,496,592
13,45,571,517
914,31,730,439
554,36,209,525
776,43,277,860
596,7,440,594
498,8,375,448
720,26,718,855
148,36,605,309
571,2,408,775
256,46,222,344
745,44,91,822
938,50,538,430
145,46,415,803
265,30,502,833
574,36,55,588
941,14,728,851
887,28,467,391
428,7,469,467
179,4,645,652
25,11,233,707
877,8,633,241
619,3,165,50
23,6,286,323
33,5,444,138
290,20,316,0
818,2,633,32
234,30,131,898
134,20,470,165
310,10,311,229
55,23,410,913
601,27,703,674
837,2,327,661
552,4,575,145
830,13,60,29
409,30,582,616
177,44,515,292
403,13,594,923
339,22,350,391
260,12,149,400
2,43,546,117
955,29,380,615
473,45,4,987
120,43,95,972
587,1,518,43
860,18,469,614
750,20,595,785
658,3,364,89
382,34,290,529
929,34,520,133
915,24,519,865
896,45,71,909
190,50,59,773
667,43,671,191
975,30,168,334
827,49,520,927
126,42,75,283
109,28,527,579
349,3,413,358
917,29,195,891
111,15,178,550
348,6,337,383
142,37,477,271
641,9,533,400
422,31,480,119
660,39,46,177
199,13,723,387
574,10,566,800
717,29,544,749
801,4,561,723
971,37,471,25
510,41,597,316
504,11,56,351
925,9,608,91
751,32,475,360
657,3,553,395
236,40,148,509
469,46,408,604
811,41,576,257
816,47,193,127
112,11,294,647
48,40,673,734
835,35,397,829
847,43,6,668
258,16,409,425
543,39,578,331
506,2,291,119
108,34,377,232
335,28,257,128
234,5,404,894
264,12,705,790
126,40,447,248
788,20,408,698
766,6,10,692
684,35,458,327
703,37,534,403
25,29,550,801
952,27,243,555
826,6,171,290
37,21,492,730
785,44,600,969
157,25,565,142
708,49,686,992
730,18,521,242
484,22,90,407
54,26,724,67
886,42,641,293
48,43,218,881
959,21,84,601
700,23,462,227
39,1,634,485
300,27,373,135
286,34,238,306
555,13,673,87
83,20,380,17
1000,26,318,322
239,14,307,721
883,39,336,417
603,10,283,13
106,15,530,984
992,45,348,614
853,36,444,931
884,17,431,540
919,19,534,902
804,1,719,519
754,46,368,929
681,9,158,556
945,11,309,526
493,19,652,812
912,13,146,229
423,11,668,638
520,42,170,320
611,40,339,660
337,6,99,976
780,18,725,914
856,3,386,534
743,18,54,14
779,44,5,399
486,39,292,478
715,7,587,624
73,10,36,846
680,7,69,772
111,28,703,928
761,10,535,191
892,45,49,753
357,24,401,287
119,39,725,597
672,1,668,719
755,15,596,671
833,44,694,466
10,48,629,490
763,50,39,980
307,40,145,177
97,1,337,422
69,43,165,102
611,43,651,576
593,31,711,357
938,11,372,888
257,32,688,62
452,35,554,215
373,40,607,819
865,19,279,465
131,43,382,100
935,9,715,979
124,9,21,563
417,41,371,716
900,21,6,596
584,1,491,39
107,40,310,216
4,24,644,968
556,20,456,86
411,14,285,264
124,21,110,865
236,25,100,829
711,10,315,839
34,13,436,949
986,2,127,981
192,31,664,864
540,12,470,5
613,7,503,436
47,11,701,848
257,1,135,705
413,16,710,330
788,28,563,556
471,38,384,349
163,37,601,96
34,4,412,139
813,39,69,433
615,28,493,917
43,35,199,145
236,35,469,566
974,9,363,6
561,13,696,303
34,50,49,86
869,31,48,317
460,26,294,43
13,16,667,573
96,25,50,384
27,13,145,419
94,12,260,267
200,15,461,989
316,37,355,429
519,33,584,442
958,33,170,492
883,15,261,494
45,29,143,877
289,28,187,339
637,39,597,503
599,34,579,437
540,27,135,875
61,22,677,342
32,25,496,143
523,9,237,397
9,34,242,345
979,11,195,902
217,38,84,608
619,34,429,141
934,42,700,965
492,46,492,799
731,2,142,569
508,17,562,786
890,38,716,177
552,46,191,248
789,7,196,81
692,38,470,896
581,40,714,812
98,9,247,63
446,41,359,732
356,13,203,361
108,29,307,597
387,45,303,850
399,35,317,644
441,32,108,759
618,19,467,903
107,20,233,674
677,40,382,93
676,27,119,664
951,32,173,272
790,1,324,250
591,17,469,461
150,41,199,859
65,15,233,970
733,50,207,384
102,19,222,296
659,21,440,926
309,35,393,506
79,42,96,348
193,38,382,733
492,15,718,14
989,14,214,262
918,5,390,11
311,50,396,171
597,4,646,493
35,39,350,871
39,5,285,142
489,21,373,657
995,47,175,414
241,24,268,55
796,22,510,816
30,6,255,420
255,11,265,614
232,35,644,673
759,18,719,973
896,22,474,88
381,38,435,775
422,45,582,616
82,19,601,562
136,22,59,267
417,6,411,108
490,5,221,187
504,8,284,814
988,32,111,87
558,21,399,246
987,47,16,429
577,4,418,690
857,45,446,659
87,13,99,185
118,9,595,569
811,34,469,967
261,27,653,388
869,34,243,330
105,48,389,81
137,47,195,289
834,28,119,79
589,9,403,209
211,39,197,38
596,3,444,925
670,23,533,662
145,10,575,234
880,1,7,590
820,18,396,227
310,34,84,566
427,38,368,325
596,42,680,432
954,6,448,694
861,49,566,701
605,41,83,272
747,49,584,43
710,36,568,612
639,50,130,64
176,2,207,761
643,1,568,721
179,44,471,222
746,28,206,671
391,22,424,482
652,24,413,601
393,23,264,184
33,38,335,567
849,10,167,460
668,21,8,921
660,20,295,431
989,21,391,460
35,8,715,427
793,10,687,618
866,40,565,515
727,46,366,910
558,20,631,978
684,5,416,814
367,34,305,605
65,18,298,115
391,34,389,18
355,12,364,862
452,15,659,689
282,39,579,755
523,50,347,12
221,3,532,211
517,40,145,266
276,46,595,756
846,4,9,613
852,5,326,887
745,17,161,167
84,36,310,202
710,11,216,689
961,1,483,281
906,33,475,294
870,46,360,192
274,43,653,7
127,4,685,979
477,42,297,582
645,4,151,752
659,24,505,194
713,43,384,595
469,41,167,553
829,4,310,912
404,27,455,301
427,19,620,929
256,9,366,111
386,20,608,627
524,31,264,188
506,42,29,913
76,45,525,631
477,48,161,829
230,39,513,944
857,44,340,529
467,37,528,50
411,28,420,365
327,10,272,528
576,24,229,32
253,19,438,564
874,28,706,460
212,2,260,858
911,4,676,7
54,40,380,216
385,23,662,446
482,13,511,191
619,12,424,516
792,32,395,73
736,9,528,992
797,35,276,278
113,20,131,376
237,42,237,430
19,11,566,873
444,39,24,735
570,33,510,491
324,32,545,499
204,24,608,871
277,19,421,832
248,18,179,513
685,24,236,359
483,20,437,159
962,4,437,914
418,22,158,501
232,22,612,664
390,21,365,158
543,37,522,47
784,4,82,913
511,46,411,595
823,25,404,881
439,41,512,726
879,8,329,419
688,41,205,911
20,41,450,910
757,24,588,141
350,29,640,469
480,42,393,389
867,36,50,792
35,49,20,174
460,14,98,244
477,9,430,771
340,5,138,992
332,21,575,348
481,40,593,142
900,24,134,252
271,41,49,185
845,45,87,123
617,40,62,410
294,14,438,639
809,29,469,758
592,19,264,862
466,43,477,293
834,39,167,682
806,3,358,39
220,7,574,777
179,31,242,386
593,49,678,684
957,12,109,622
758,7,707,439
738,49,491,730
758,30,85,806
31,34,407,403
863,37,284,458
617,16,565,727
758,4,131,569
202,38,144,916
475,35,106,729
482,34,596,818
364,44,180,483
774,33,444,920
969,37,1,653
201,2,650,25
319,23,99,175
601,29,631,691
609,7,425,756
978,30,96,397
77,16,493,958
991,3,105,515
695,8,100,23
723,29,207,867
360,23,174,863
506,33,263,376
728,8,147,453
750,46,65,2
380,43,720,223
687,33,715,548
209,20,630,693
557,29,689,475
559,42,623,752
279,7,356,772
397,31,607,454
699,47,702,530
23,33,445,561
305,30,418,128
348,45,591,587
412,29,170,769
796,16,202,313
999,25,666,74
710,30,524,583
100,32,489,86
58,44,661,160
62,14,498,547
445,17,113,954
128,35,631,701
303,29,277,482
80,30,578,585
205,34,544,412
528,17,548,498
988,35,423,772
254,36,166,276
400,39,560,455
93,41,421,546
360,49,359,68
890,15,88,167
497,41,697,480
219,6,338,854
857,9,549,88
367,39,1,285
858,13,416,655
97,48,144,607
850,7,728,333
712,8,695,396
217,39,719,293
349,6,696,165
819,35,347,713
531,37,77,198
779,1,514,966
916,39,530,867
85,48,510,636
848,7,123,870
938,45,335,621
682,33,458,146
828,17,541,759
216,19,241,977
971,4,644,419
482,19,67,404
959,32,119,129
242,38,537,561
627,7,220,724
936,39,642,987
606,32,627,399
544,35,494,524
632,39,508,801
182,18,202,846
505,9,318,710
655,45,217,444
760,30,345,129
208,47,376,814
820,27,248,478
103,2,680,649
705,33,698,577
944,29,196,207
843,22,428,972
77,13,651,935
682,1,546,341
145,19,510,78
590,24,235,358
992,14,46,998
764,50,467,460
790,9,123,526
478,7,387,678
201,19,321,887
833,42,499,837
944,33,272,525
237,37,581,820
722,49,483,296
121,14,373,238
126,46,134,193
698,17,418,648
614,11,578,502
896,33,232,453
799,4,74,134
287,32,123,945
62,6,49,984
230,33,248,663
848,14,226,85
83,11,604,992
460,39,480,661
260,17,348,177
498,41,439,683
618,27,392,701
188,42,312,153
521,12,208,500
447,26,225,459
524,35,256,90
229,3,440,431
496,7,146,648
209,45,500,544
420,36,578,256
899,15,206,575
197,49,439,760
725,50,269,854
683,23,678,318
719,35,155,454
251,41,612,370
265,36,686,666
102,27,408,96
285,37,532,924
488,45,100,27
528,48,167,745
634,28,518,963
655,10,635,130
319,42,357,611
62,38,275,480
153,7,351,872
917,46,353,385
243,10,714,345
152,24,522,730
701,33,527,374
664,33,134,913
66,10,674,295
61,10,218,513
118,17,23,804
681,17,634,877
764,4,611,548
477,16,89,232
207,7,680,800
158,43,344,982
425,50,720,566
4,38,394,246
671,17,515,619
243,27,349,589
926,19,382,642
718,43,358,913
482,1,83,974
736,50,679,472
170,31,522,851
362,14,588,751
911,34,729,745
477,17,346,710
829,32,218,862
442,18,124,257
616,9,548,413
289,43,5,118
573,50,83,17
84,43,170,597
28,4,190,745
692,48,85,28
456,37,427,668
937,16,386,401
622,1,137,4
343,7,14,989
997,39,647,200
190,47,542,818
168,7,182,722
364,9,574,356
368,12,27,939
784,9,601,962
513,5,222,343
996,9,567,666
256,16,532,543
140,35,346,326
692,46,665,497
576,27,490,631
397,46,206,746
56,11,236,854
823,23,592,531
939,34,695,973
407,1,59,56
6,2,287,680
404,34,208,367
993,10,728,311
889,7,660,347
57,30,430,367
163,45,218,758
207,21,495,47
737,8,594,104
430,21,49,576
141,39,534,900
703,4,414,853
713,23,101,358
137,29,34,96
672,10,714,495
283,1,118,148
958,39,435,655
789,30,428,272
138,18,613,731
756,21,308,925
504,27,505,86
599,10,141,845
307,30,554,787
928,10,170,121
749,43,241,702
143,23,559,534
796,2,512,414
99,44,131,600
754,9,490,0
440,43,384,794
937,15,662,393
952,26,108,150
782,45,86,117
810,9,222,860
474,39,157,514
844,6,272,705
855,34,49,158
169,49,639,525
202,47,345,765
526,30,271,465
305,49,275,125
672,9,297,16
287,16,545,265
192,46,541,976
757,33,241,245
850,23,682,839
80,6,361,555
671,50,176,486
762,1,161,261
645,45,371,169
535,24,578,846
180,15,297,289
431,15,725,941
219,11,94,76
77,40,260,492
34,5,73,506
891,10,673,925
244,37,392,228
833,41,88,730
915,38,668,17
928,44,685,108
712,45,654,43
470,41,445,156
241,32,518,383
355,28,473,112
176,14,668,890
650,3,78,446
510,20,231,34
157,7,131,29
853,28,414,240
175,48,448,462
928,15,602,380
979,34,638,294
526,16,158,532
713,25,305,707
991,27,278,127
129,25,432,254
29,22,605,421
518,42,226,795
857,11,538,155
240,15,66,491
484,32,237,442
761,19,605,657
958,16,216,324
720,17,405,563
89,31,659,738
352,42,351,486
952,40,328,568
511,42,561,48
391,25,519,670
387,25,55,608
871,25,668,970
568,47,363,906
855,2,496,379
399,27,215,548
402,47,179,231
200,35,566,275
78,50,47,678
986,5,479,584
959,23,549,852
6,45,281,620
916,24,426,682
429,4,224,323
437,45,186,910
198,44,564,25
158,22,331,380
493,36,89,494
606,19,414,197
154,43,626,353
120,18,677,419
468,20,466,937
57,42,154,208
478,24,412,898
692,7,635,940
42,17,189,284
268,41,665,844
415,9,312,764
889,6,437,892
731,42,511,278
591,30,283,543
815,39,636,366
801,36,236,578
395,3,272,900
520,13,115,525
141,49,68,860
110,35,125,305
531,24,33,998
434,7,576,448
593,38,437,254
260,43,288,23
418,46,39,752
874,34,575,182
318,31,683,604
814,9,669,144
169,40,508,545
819,14,22,641
803,46,593,989
633,6,457,963
586,12,697,185
734,40,207,744
776,49,693,599
554,39,730,807
954,4,525,360
808,49,356,874
230,11,491,508
697,30,486,33
366,24,678,827
52,14,477,93
931,35,78,793
693,41,610,391
147,20,712,484
438,27,699,323
725,38,8,346
892,13,274,777
610,42,493,364
954,29,258,297
336,5,57,110
647,44,366,583
572,17,349,369
357,17,343,953
863,27,140,219
180,5,467,583
101,18,709,997
692,1,107,848
532,42,395,263
195,46,354,738
481,5,417,77
511,1,149,614
484,50,184,511
947,9,57,861
978,9,587,263
368,22,699,295
445,37,481,176
442,6,271,145
276,20,533,216
952,40,262,102
755,29,373,914
507,11,222,51
570,40,404,68
699,9,657,421
931,38,290,281
393,23,371,94
477,48,222,483
138,16,292,137
691,15,520,150
208,35,627,158
342,27,350,566
259,28,390,840
893,46,203,493
724,27,718,512
808,10,541,483
281,42,158,655
995,21,627,286
204,31,252,763
379,37,653,119
977,35,66,358
997,33,2,898
514,50,261,603
703,44,649,604
896,18,503,436
644,25,643,165
495,15,557,476
134,17,564,555
417,13,328,683
873,38,152,185
115,27,591,950
233,15,506,368
681,41,193,415
931,6,273,208
176,26,616,763
626,24,224,480
877,28,525,552
895,44,158,298
56,40,701,90
618,18,643,806
120,11,167,596
331,48,294,464
22,16,263,644
565,39,623,729
197,6,602,820
190,26,711,316
632,39,170,566
774,37,517,164
901,6,466,257
800,19,635,271
367,40,659,520
991,26,495,220
871,37,129,757
100,7,144,112
587,26,69,533
478,12,32,61
75,1,141,613
190,30,113,551
141,9,705,633
984,1,595,801
312,17,391,766
504,23,23,985
499,24,30,878
775,18,414,846
74,46,138,954
691,9,259,504
112,18,84,79
411,32,210,822
910,40,646,776
707,28,314,348
45,26,512,856
443,6,315,415
784,45,113,100
466,50,474,389
941,47,585,387
598,14,638,82
116,2,626,568
792,41,720,610
709,35,201,707
643,39,465,890
748,13,582,345
158,30,223,758
420,31,308,98
195,3,277,786
367,1,268,465
260,48,282,140
845,17,195,537
234,29,245,598
3,47,15,945
502,8,676,214
428,45,325,792
816,44,595,117
644,4,443,107
539,14,341,801
355,17,620,446
891,38,723,266
287,30,116,3
484,42,618,723
675,50,161,835
248,49,368,622
344,21,122,52
465,11,337,727
261,42,730,380
466,1,171,505
695,36,618,188
705,43,606,148
985,8,316,466
390,9,163,530
637,43,534,583
602,12,705,287
179,36,16,202
913,7,662,821
45,46,525,295
814,28,123,454
357,37,183,427
992,21,583,601
223,33,647,641
794,43,459,655
941,33,548,820
780,34,328,573
557,42,711,727
141,35,122,530
570,38,404,392
466,10,450,114
529,21,26,681
930,33,722,87
319,28,256,944
356,49,553,56
561,1,373,652
490,38,79,445
211,16,662,605
969,12,657,650
940,35,169,626
538,6,76,540
398,11,275,726
214,35,23,714
922,50,98,95
732,33,52,728
702,47,200,738
541,43,403,343
47,14,37,397
651,50,389,414
667,22,669,349
819,32,348,100
568,17,723,828
136,13,539,785
653,6,315,631
24,1,413,414
914,27,248,990
772,46,142,133
376,35,113,884
447,1,132,967
154,14,489,727
505,38,642,595
271,23,60,968
372,17,710,851
919,38,362,170
723,10,135,259
646,48,588,564
897,43,398,988
474,40,666,318
164,10,12,370
702,33,353,578
923,11,504,480
796,23,123,237
7,42,607,680
247,44,497,979
236,10,579,483
812,11,580,827
91,46,307,63
797,12,684,153
448,33,33,552
124,19,408,767
745,50,253,979
951,21,338,793
18,26,666,899
440,28,641,864
653,21,291,47
832,31,603,118
248,50,673,849
473,2,343,481
643,8,124,798
980,15,170,883
455,42,693,170
895,15,327,934
435,27,169,646
334,30,572,217
190,48,70,778
968,48,389,540
294,19,358,820
999,26,334,332
160,4,101,200
204,11,3,374
502,50,209,998
480,7,716,841
591,18,42,177
767,3,504,114
183,31,483,508
119,40,91,59
101,28,260,666
400,3,542,145
847,48,674,550
143,8,692,803
627,11,456,142
927,26,362,676
841,30,344,806
773,24,178,624
256,41,184,501
442,32,244,211
646,3,168,983
180,37,195,838
1,36,297,960
554,22,93,699
998,6,83,412
30,34,532,385
662,9,119,444
298,40,284,785
181,2,146,455
861,34,73,522
707,15,192,332
180,20,312,549
910,23,209,993
105,32,184,437
567,9,84,358
661,45,713,340
419,32,671,89
594,9,11,77
186,17,513,865
315,20,117,453
66,42,361,293
310,49,193,874
601,25,68,547
607,2,501,718
559,13,69,321
159,16,260,577
610,13,702,661
666,32,143,422
604,39,378,101
867,37,673,857
970,8,199,191
964,1,342,535
332,14,504,268
811,34,373,527
51,17,537,183
775,41,473,406
655,19,151,963
201,43,196,417
593,14,577,4
856,39,116,306
741,30,184,24
11,36,45,634
81,9,374,466
234,32,651,547
174,8,47,337
416,30,711,237
217,33,34,429
394,22,129,366
422,48,483,18
352,48,382,974
208,19,199,321
250,24,409,347
62,9,435,495
84,21,249,765
282,47,322,343
493,47,278,7
302,17,592,633
164,31,86,68
46,43,525,806
201,31,580,63
543,29,589,699
925,36,39,269
68,43,532,419
374,28,470,205
562,24,441,863
761,20,682,985
533,36,58,745
25,8,684,143
333,47,248,626
933,3,351,898
984,14,192,902
886,8,365,729
776,39,393,200
846,27,30,813
300,1,710,730
133,19,357,727
843,6,494,923
87,38,305,583
282,21,135,514
902,16,80,337
235,16,515,608
422,1,108,685
34,24,178,562
129,12,451,681
331,13,283,821
580,45,333,843
531,43,495,364
426,30,317,732
870,43,316,653
223,26,214,160
930,12,330,722
23,15,148,707
878,19,407,463
490,33,729,127
512,41,673,756
757,15,724,128
129,26,377,488
84,6,303,80
528,31,214,842
303,48,705,506
467,30,528,314
156,25,323,594
473,39,532,891
803,20,233,388
794,12,36,70
490,7,690,926
116,5,263,190
254,4,573,71
571,15,664,461
149,50,390,61
764,42,240,738
311,26,202,959
801,8,464,527
629,1,186,253
414,32,249,647
606,28,228,445
594,38,438,622
126,47,452,564
461,48,38,17
105,30,273,340
208,35,544,249
136,10,96,636
486,20,1,157
522,10,250,78
413,18,254,28
226,23,712,586
61,5,564,73
526,5,17,162
968,8,646,51
358,4,187,328
913,16,569,71
170,44,712,9
865,20,293,426
641,37,449,830
966,39,364,855
847,41,337,632
253,45,407,713
675,26,345,266
907,23,331,916
799,11,70,857
543,44,10,560
731,21,594,347
303,17,535,444
242,20,556,495
65,33,228,185
608,22,36,402
676,2,546,719
110,4,630,598
514,20,334,180
916,45,489,424
90,39,721,914
555,46,550,9
178,17,159,938
495,18,219,280
81,48,539,880
272,9,275,223
954,21,20,812
265,33,114,900
861,50,299,557
359,15,614,700
407,33,203,84
563,24,606,173
287,40,652,246
286,30,229,935
929,32,135,327
799,29,455,201
19,28,239,564
383,24,652,731
391,5,688,601
883,3,553,58
397,16,648,313
165,46,351,561
486,39,481,449
167,25,184,351
658,50,502,425
160,9,582,939
947,32,514,166
958,18,526,620
834,6,564,140
917,20,331,965
974,24,233,732
849,50,455,175
288,50,158,39
968,4,624,168
982,44,730,612
614,27,648,659
675,39,354,159
552,1,512,973
39,31,680,861
470,5,534,536
95,22,543,322
557,46,706,727
169,10,471,601
716,14,371,407
147,22,367,604
96,27,340,316
197,17,628,748
914,27,474,957
60,40,678,502
235,33,623,210
648,37,98,684
94,49,155,824
524,6,107,19
113,36,33,831
89,15,690,524
657,42,42,370
658,10,16,425
199,22,508,141
676,18,254,300
276,3,260,876
721,35,577,30
183,6,461,854
801,29,181,61
469,19,307,494
134,42,144,485
446,42,265,253
587,5,115,483
185,11,575,237
786,48,457,333
123,38,548,715
722,45,138,846
654,42,655,522
781,29,9,790
911,17,542,335
613,23,622,203
540,37,510,564
489,10,385,107
623,28,595,947
496,48,76,737
410,34,457,719
509,23,272,973
801,47,122,87
529,19,511,405
172,38,454,671
266,37,258,639
459,48,626,95
416,47,120,494
819,6,1,183
717,29,441,991
831,42,252,925
779,1,605,827
52,8,645,795
368,32,232,747
11,19,368,151
193,6,604,102
206,17,679,215
746,32,322,836
967,31,297,419
868,32,385,388
327,20,150,62
908,39,548,408
387,26,292,352
983,4,450,37
507,13,117,525
65,20,275,738
979,11,74,26
163,44,1,602
753,3,646,92
406,31,295,832
881,20,215,389
716,6,634,230
333,13,535,330
525,49,131,302
14,28,533,349
569,36,593,667
214,45,533,748
92,44,208,342
945,50,144,828
786,17,411,188
707,18,451,920
42,12,69,692
493,29,60,131
340,13,559,806
717,16,696,437
842,47,595,509
793,29,607,102
869,2,613,617
957,12,678,989
983,9,10,574
617,26,587,373
520,47,166,887
645,24,65,483
721,19,637,107
273,24,375,584
808,11,366,195
756,20,427,9
342,35,678,101
97,38,322,141
228,47,422,110
244,32,450,323
248,20,188,263
361,40,85,151
900,23,256,730
389,35,353,560
935,28,702,274
829,13,198,117
122,18,383,810
777,39,224,590
711,10,723,702
60,50,645,887
508,31,64,540
816,13,615,373
861,42,283,6
443,16,331,99
385,2,638,520
938,20,94,651
839,17,374,707
260,36,194,53
758,13,553,446
64,48,434,332
720,24,90,145
549,8,135,70
978,34,279,59
499,25,416,506
256,45,584,32
300,37,14,458
561,12,313,224
199,26,128,934
413,1,436,872
762,13,64,970
179,24,566,833
244,25,392,809
563,10,689,291
58,25,215,756
531,41,238,847
293,47,445,987
435,5,111,501
294,40,370,232
538,29,414,472
583,34,609,461
646,27,311,290
213,15,91,719
171,21,283,500
691,24,390,18
565,2,22,464
633,15,697,481
406,11,186,290
126,20,641,74
633,35,108,749
56,50,151,321
18,32,549,804
329,13,450,219
730,50,649,244
334,1,187,786
13,28,489,740
753,44,157,853
207,43,561,800
135,30,542,107
261,27,612,397
793,32,387,480
82,20,582,539
251,36,407,314
565,35,485,533
706,42,520,696
660,31,724,774
795,13,519,66
865,10,581,273
385,24,503,878
427,43,36,660
835,9,280,604
98,9,316,418
580,2,168,375
616,43,391,785
548,6,445,435
310,1,83,498
274,36,601,58
941,38,717,42
119,46,225,24
700,12,573,495
707,33,232,943
202,11,662,62
819,28,665,987
675,29,721,937
89,20,437,892
783,45,492,641
867,4,197,782
96,9,524,420
786,39,87,703
255,48,146,125
287,32,351,873
170,23,186,710
525,20,232,733
551,28,200,865
859,12,147,929
172,5,494,59
686,23,50,452
971,22,472,748
567,1,274,494
843,37,659,900
606,18,67,162
795,25,274,130
571,34,450,580
463,4,377,756
956,16,147,430
794,33,395,424
476,39,63,112
425,34,714,395
708,7,557,102
723,18,480,914
389,9,139,172
89,17,465,689
81,7,590,366
133,27,407,356
193,13,27,401
838,29,464,789
225,40,331,924
292,17,488,762
341,23,434,528
688,9,336,872
945,17,162,479
687,32,128,901
991,36,343,666
321,5,442,545
688,30,499,41
17,5,570,279
559,18,367,440
301,41,529,709
37,15,379,413
449,48,435,118
76,23,427,291
900,4,325,550
505,14,319,183
167,45,185,367
958,13,549,400
947,8,686,542
127,29,253,124
258,15,53,634
841,50,36,745
178,4,411,522
79,36,222,438
618,8,133,256
532,40,692,471
813,7,686,250
782,32,220,574
557,48,502,707
158,17,642,46
775,45,33,807
142,20,248,158
264,1,352,37
706,50,273,589
89,7,256,809
546,4,556,975
74,42,570,81
238,31,586,999
478,44,658,869
154,18,643,815
911,5,460,260
188,9,681,884
424,21,259,573
548,22,116,871
55,7,2,903
130,5,667,768
117,15,685,207
276,3,462,517
65,17,184,439
690,49,407,253
177,32,322,580
193,17,526,485
329,24,698,245
978,21,680,351
912,40,508,552
793,29,647,709
748,38,599,446
249,11,241,534
861,28,437,879
308,12,585,991
468,43,268,645
160,10,288,318
92,47,455,996
359,14,612,712
817,28,495,477
371,15,423,975
984,9,123,769
8,10,497,233
765,22,565,753
65,4,452,824
710,38,62,153
301,32,379,418
489,41,6,941
717,31,680,495
38,12,70,269
494,17,370,870
324,3,83,664
280,48,567,649
800,9,211,820
282,43,458,782
622,37,230,125
547,18,342,681
712,29,333,289
193,6,459,57
970,28,508,810
570,13,396,496
871,28,18,697
402,37,440,532
918,48,467,588
632,47,129,798
530,25,248,729
53,35,176,329
799,15,663,635
812,3,20,359
273,15,65,386
840,42,456,707
943,1,276,51
271,37,147,170
889,11,259,48
881,43,447,865
957,28,431,20
798,26,259,45
975,25,271,392
165,30,540,567
865,49,728,435
417,13,529,11
5,14,201,106
198,50,483,376
544,45,469,516
49,30,464,396
456,29,681,360
553,16,113,209
690,44,651,94
148,38,501,522
371,22,157,591
438,17,538,683
632,42,223,603
563,33,705,713
641,27,128,895
724,8,210,603
367,21,279,235
294,4,333,274
904,43,690,80
412,43,190,332
968,24,728,566
58,33,74,775
508,45,518,410
612,32,489,930
692,10,561,546
995,30,231,442
29,24,108,790
79,1,691,205
363,14,366,575
964,16,629,629
336,9,332,513
63,4,27,938
843,37,444,198
88,34,43,799
769,3,587,544
741,41,414,248
203,47,80,945
415,25,356,634
231,29,224,818
913,21,52,93
34,14,532,42
12,26,98,707
612,22,513,779
698,31,205,7
128,39,185,845
307,43,285,892
126,36,633,160
245,18,546,176
156,12,304,472
86,23,671,333
718,8,327,95
346,41,163,1000
526,24,291,571
781,38,364,631
536,29,96,91
638,27,649,969
624,2,130,120
225,34,434,555
406,5,650,904
662,7,713,556
240,37,314,740
639,32,329,148
759,32,693,102
148,38,692,984
922,1,288,161
294,2,536,851
180,32,292,391
108,40,542,125
435,20,305,239
212,41,486,206
25,39,52,34
605,3,410,178
634,39,86,881
750,15,624,48
266,7,14,660
915,18,55,399
238,14,116,287
478,26,509,207
21,4,628,106
416,19,392,76
883,40,77,320
576,45,365,216
913,3,532,637
429,30,258,400
250,5,590,298
352,50,160,837
662,45,205,743
439,9,108,622
10,13,420,76
734,25,343,275
230,33,304,259
124,42,133,445
231,11,661,794
663,27,187,236
490,41,427,209
276,21,577,398
841,11,444,209
916,24,643,725
996,44,213,340
813,9,720,852
681,11,469,719
470,17,540,879
39,32,436,405
423,50,48,949
907,50,580,770
418,21,314,363
727,47,644,586
170,41,641,325
274,19,590,345
756,5,464,441
305,11,305,769
603,16,188,491
246,36,264,544
915,35,486,429
77,1,58,673
940,21,638,256
857,35,146,973
909,31,43,782
429,39,40,899
567,30,669,114
982,14,92,760
630,30,160,928
992,33,354,524
949,4,156,841
822,1,533,162
49,50,710,675
684,26,300,396
950,2,133,539
922,34,697,644
201,27,530,369
497,35,421,38
743,6,355,838
773,34,9,262
251,40,221,768
625,50,546,940
564,44,86,668
524,28,593,427
482,22,6,305
307,27,277,647
705,14,727,52
506,32,187,968
49,30,679,524
49,49,192,558
975,11,714,470
756,15,581,545
47,38,627,925
783,35,524,783
686,37,341,230
491,30,317,457
730,25,640,212
27,19,725,347
839,5,38,728
372,35,223,498
564,20,615,971
863,33,440,41
63,24,307,142
369,5,544,525
446,42,532,626
52,44,359,359
18,32,483,522
553,17,233,594
586,24,671,780
677,2,621,903
955,7,546,81
297,40,542,914
675,14,338,993
46,50,174,434
788,23,159,903
543,31,586,931
37,21,628,459
228,1,686,936
714,29,453,499
989,36,113,49
545,48,564,109
251,3,381,449
349,18,103,20
10,13,101,422
962,38,621,399
160,5,210,587
181,13,545,920
123,26,371,86
266,9,647,257
218,10,620,281
984,11,653,634
157,34,708,794
315,1,436,300
339,14,240,558
314,24,167,985
307,29,622,779
627,41,269,109
618,30,208,341
955,29,111,549
557,12,532,379
211,16,143,206
784,7,625,356
126,11,101,1000
712,22,276,827
825,41,544,940
452,35,673,621
498,3,538,455
319,50,395,499
270,4,635,9
694,25,112,274
222,21,389,692
647,16,66,964
26,35,157,241
187,41,73,112
125,22,16,531
192,50,303,697
663,33,430,661
92,41,101,304
81,27,223,367
344,50,353,495
516,34,279,960
90,19,356,833
815,50,468,293
491,16,353,352
575,30,542,659
658,21,511,395
491,50,80,395
831,15,311,906
862,18,512,470
577,36,458,240
205,6,85,587
451,23,460,899
898,24,256,63
970,42,301,850
334,13,478,850
54,32,278,928
881,43,510,894
101,14,78,259
855,14,593,421
582,10,421,86
582,43,131,538
940,50,174,926
697,43,477,649
618,48,238,38
453,43,380,46
268,29,342,477
742,4,579,654
450,20,701,824
861,8,269,872
128,32,316,915
333,2,100,689
846,42,677,749
701,7,704,341
615,23,628,873
254,5,563,380
495,49,711,74
611,47,455,327
836,6,412,273
259,29,545,334
894,36,587,310
745,17,202,627
474,49,388,160
883,6,23,526
581,45,500,913
268,36,364,754
987,46,318,902
992,11,46,512
742,20,575,699
123,15,587,717
946,42,342,111
924,39,13,287
503,29,126,523
444,45,487,232
5,34,368,762
643,25,180,387
184,15,631,654
185,18,89,965
365,6,248,828
291,43,43,85
474,18,621,682
692,30,105,209
654,45,444,265
80,9,329,759
919,49,276,120
533,38,350,18
536,8,696,731
409,18,566,491
709,31,207,903
612,31,653,574
803,25,322,104
462,37,214,961
573,42,363,950
895,50,714,142
372,10,697,471
836,19,703,463
11,18,389,336
463,6,652,468
231,41,452,972
469,41,694,68
369,30,548,657
454,12,584,691
238,1,401,4
838,35,585,729
569,50,84,628
182,2,612,897
195,33,174,592
433,14,384,320
775,45,238,174
802,22,515,496
929,36,535,946
509,1,141,136
69,10,649,964
272,17,423,868
819,50,319,105
753,28,114,673
390,25,635,671
678,18,347,582
320,33,214,775
744,2,489,281
91,14,598,601
856,8,707,302
704,23,266,712
780,9,150,999
523,38,483,271
216,48,264,495
411,10,606,435
100,5,683,450
123,47,244,628
401,3,568,198
894,34,606,130
71,28,439,746
159,46,133,732
843,49,285,74
994,25,381,415
929,31,203,975
521,43,700,439
567,46,13,334
447,5,9,977
391,11,128,471
702,22,429,190
438,39,151,211
229,50,573,224
749,49,253,67
152,20,429,746
495,25,511,970
510,47,199,833
449,37,551,566
606,2,3,681
904,33,312,726
662,14,526,931
286,36,383,120
378,45,624,386
609,36,106,215
870,9,171,684
66,11,292,582
370,18,200,950
689,11,598,581
26,13,157,342
219,27,111,319
286,15,536,685
9,23,73,926
330,33,607,338
789,43,187,459
494,34,226,778
300,4,295,874
717,27,429,360
58,19,445,844
970,42,252,526
179,45,543,182
236,11,423,425
550,3,562,387
401,13,709,84
366,11,656,497
101,29,453,422
465,19,444,991
400,11,710,773
945,3,197,344
421,45,389,63
579,17,280,899
392,40,504,556
596,24,357,50
52,17,488,637
423,10,419,136
374,29,541,971
971,40,499,416
124,41,385,660
570,10,583,415
575,40,678,763
571,5,578,919
965,10,558,68
4,33,461,882
110,32,648,406
674,35,158,907
119,23,406,842
863,21,524,560
388,36,21,160
176,28,234,286
485,7,281,674
117,47,84,674
240,26,249,81
692,32,456,442
185,25,6,98
944,34,236,368
812,31,575,282
983,8,470,16
744,35,494,63
71,17,375,8
885,27,369,571
937,1,291,404
850,37,327,849
915,31,337,376
326,12,389,712
448,28,406,260
713,5,336,893
962,23,469,15
806,49,609,636
72,40,53,854
999,30,622,574
772,18,356,651
80,30,273,951
685,14,536,565
722,5,539,710
32,17,725,45
805,1,607,338
410,50,211,688
818,41,577,304
826,17,729,339
228,10,669,161
831,6,506,857
678,34,265,871
92,22,89,666
963,26,422,892
866,7,501,856
372,37,441,926
193,6,677,210
420,48,282,205
712,43,594,916
406,47,190,991
109,41,621,950
505,25,270,53
200,39,237,149
479,45,129,451
714,41,384,803
68,19,151,97
867,17,337,293
451,34,66,435
990,34,607,752
412,44,365,358
151,3,551,403
183,3,460,389
444,37,276,137
957,5,457,30
12,43,54,96
810,35,543,878
580,18,473,720
788,23,462,943
575,26,167,64
519,42,25,541
112,41,419,244
775,26,39,175
7,37,420,128
920,36,433,567
687,46,439,51
956,17,281,3
739,50,617,681
615,38,509,358
858,49,462,900
848,4,444,119
922,36,384,98
388,33,514,641
833,27,180,48
316,14,655,463
527,33,93,818
676,21,544,96
303,5,20,551
712,36,191,973
398,49,329,145
753,24,457,367
674,47,434,611
37,29,564,689
175,13,584,764
272,20,543,703
49,41,263,543
491,14,280,11
323,30,69,476
631,46,537,842
350,30,351,749
209,38,267,412
205,19,201,65
378,12,11,843
562,42,191,372
886,33,52,657
963,9,605,567
144,22,90,793
430,48,172,547
85,26,467,748
667,12,687,455
635,25,409,797
864,18,73,839
6,4,74,137
519,15,725,271
279,40,170,63
677,32,644,239
872,5,24,521
223,45,497,875
21,48,546,627
884,1,347,923
213,32,506,638
980,37,721,546
328,5,625,890
405,23,157,552
302,20,340,295
944,4,392,280
715,40,501,898
480,28,555,623
482,38,585,901
60,14,152,744
226,45,539,305
573,8,593,332
893,1,20,9
102,50,376,714
661,37,712,397
611,14,694,361
275,6,601,518
586,14,180,943
43,39,571,931
592,39,254,436
779,21,606,335
324,11,240,384
432,12,417,729
266,13,460,880
717,29,76,324
975,30,712,773
549,38,584,236
509,45,48,199
867,34,489,143
891,26,138,762
127,30,517,532
953,11,620,962
212,44,77,820
954,18,316,572
949,29,712,992
762,39,320,479
987,25,615,674
944,16,145,337
757,31,187,387
51,19,292,796
625,2,640,138
361,44,154,799
665,9,541,41
235,38,36,581
575,36,2,159
351,42,241,938
377,10,256,315
952,36,292,453
955,49,687,100
151,17,310,595
993,31,495,552
510,41,181,443
526,23,421,323
992,24,15,968
368,45,137,531
287,16,10,306
916,19,250,668
841,20,154,281
429,17,369,162
162,3,234,627
296,36,43,981
362,16,253,104
667,35,384,301
249,32,549,856
190,41,436,654
176,21,665,578
308,22,546,915
842,43,195,551
796,41,662,965
342,12,91,302
619,23,468,712
689,49,639,341
489,26,506,408
25,12,291,288
52,5,110,924
780,19,199,183
778,4,326,751
278,34,527,4
967,15,489,168
975,7,504,819
569,34,449,572
319,20,79,765
360,47,49,374
412,36,142,570
985,26,54,1000
487,17,547,339
828,12,581,522
385,30,376,341
293,10,163,706
555,16,581,174
317,32,190,964
851,41,648,703
22,45,546,93
479,11,508,869
376,43,358,782
139,24,519,576
229,38,318,176
352,37,396,187
788,15,458,300
106,45,87,690
108,12,112,253
581,21,120,111
411,31,207,452
268,43,619,507
442,12,645,664
176,3,180,97
341,18,313,132
249,35,627,622
240,42,274,699
455,22,553,277
846,14,477,286
4,9,657,499
671,50,558,887
17,25,652,129
762,47,22,614
814,10,169,451
345,7,371,569
639,22,664,904
368,10,224,54
265,23,692,671
805,7,713,257
166,20,415,585
447,14,492,98
39,38,600,925
625,26,279,818
93,11,263,600
965,24,398,808
552,35,703,823
76,39,66,125
110,50,144,594
80,38,461,842
830,18,149,438
632,18,118,901
73,50,91,462
704,9,213,831
260,42,434,400
17,15,534,6
582,2,126,240
869,7,507,108
535,31,93,543
58,15,426,828
214,5,231,727
272,29,622,156
109,50,586,44
227,46,149,765
530,44,505,798
648,8,493,869
83,33,321,398
35,25,483,117
282,35,653,884
962,40,537,68
374,46,239,188
33,45,105,30
717,31,696,234
794,44,372,896
366,33,201,894
777,5,25,446
154,6,165,525
837,33,610,681
116,27,606,306
38,17,585,996
385,16,424,340
812,47,24,553
720,33,162,635
7,14,101,998
119,36,432,9
911,39,64,594
668,8,414,399
943,25,444,349
916,47,657,56
863,36,375,414
902,10,259,335
981,22,345,201
530,6,699,52
631,3,274,157
583,33,372,406
324,36,369,96
915,16,485,1000
980,40,497,829
165,32,332,857
260,23,538,851
83,19,236,6
944,10,198,785
966,47,294,357
624,38,583,910
896,10,497,279
789,26,682,874
754,28,176,683
107,27,713,487
547,21,363,337
777,29,428,5
338,33,485,566
919,40,119,463
398,14,621,8
157,39,400,281
35,33,130,96
522,18,587,378
669,35,672,38
414,18,343,611
844,38,439,237
96,35,538,501
655,8,642,543
933,31,611,984
542,33,663,182
196,23,116,602
448,47,21,808
583,24,519,397
928,4,341,891
691,2,342,362
517,7,307,678
468,38,664,696
107,10,189,378
118,22,489,348
223,33,43,923
599,8,369,552
708,33,277,582
64,50,136,540
605,7,63,263
103,47,112,988
786,3,614,476
624,43,683,174
602,13,695,402
957,11,328,573
307,3,300,17
768,50,595,207
852,16,451,210
998,12,393,34
570,47,11,520
181,35,453,956
186,50,207,548
570,24,413,791
698,45,338,413
430,24,304,691
544,28,142,60
133,45,673,388
223,50,389,770
621,22,531,40
13,1,658,888
259,36,678,613
849,6,417,571
870,23,565,686
718,20,65,962
426,23,668,928
119,6,444,950
884,43,201,636
767,40,207,104
578,30,252,955
763,15,50,894
675,46,679,518
412,33,633,247
639,31,505,452
710,4,308,838
192,23,670,124
582,38,351,178
599,4,244,27
428,39,374,431
628,19,715,377
615,32,313,838
657,8,320,331
109,34,504,223
405,24,110,855
383,33,356,819
291,16,299,344
598,12,14,157
924,46,109,251
301,36,156,56
178,18,432,223
203,33,244,185
526,4,188,565
645,30,699,217
332,15,672,615
263,8,109,452
241,49,451,855
76,30,558,312
370,34,502,876
352,36,393,665
182,36,336,485
991,18,200,215
98,8,425,286
460,35,607,408
974,5,59,342
193,47,437,890
22,48,501,290
725,13,244,591
556,38,579,893
547,48,39,632
6,30,354,49
307,50,244,745
229,7,375,761
582,37,639,563
935,42,513,806
487,1,273,415
131,35,69,337
618,16,219,785
890,25,517,515
764,48,716,224
47,8,687,1000
111,47,421,760
8,27,287,85
394,25,523,811
84,43,253,351
745,47,501,690
439,16,74,982
117,37,451,805
604,11,123,515
254,6,714,416
39,33,550,477
308,24,248,353
86,34,462,566
980,28,220,531
347,35,293,779
467,30,727,142
784,44,412,463
595,23,46,222
329,23,526,573
636,3,659,345
224,13,167,326
342,32,356,623
985,31,681,319
779,35,684,845
558,32,402,615
455,3,314,187
184,3,165,310
288,22,679,535
628,4,176,733
226,46,503,792
35,46,134,973
932,18,32,148
983,17,664,998
116,33,495,587
552,31,518,332
604,10,537,715
747,44,400,571
910,28,506,789
702,8,261,954
589,6,442,599
404,36,715,870
16,6,373,670
664,37,570,571
335,7,4,990
73,41,105,546
769,18,690,152
369,41,190,434
285,2,323,863
75,32,630,340
531,37,139,71
625,7,647,485
376,38,367,151
941,7,289,934
402,10,53,622
510,22,647,779
619,7,456,857
488,27,431,318
935,45,39,53
455,9,32,214
983,11,722,777
157,22,552,874
728,24,458,917
993,10,545,160
527,21,670,630
498,7,145,117
346,31,544,361
381,4,654,312
541,26,563,53
298,49,632,558
466,49,722,348
25,39,298,134
714,7,395,708
593,12,74,466
484,25,464,841
618,29,503,85
942,31,337,616
961,16,34,862
693,2,392,123
652,30,510,549
662,40,288,313
262,24,90,678
886,42,494,792
966,3,225,62
208,25,523,497
229,16,611,77
110,22,569,799
259,14,727,44
117,15,65,249
287,36,489,900
293,12,134,991
505,18,598,926
623,14,336,148
309,46,120,297
234,38,537,891
278,2,120,25
313,44,573,533
11,29,313,275
543,33,57,114
627,12,472,432
238,29,725,644
515,26,177,911
567,49,729,160
777,21,30,650
626,41,629,902
989,20,141,277
746,44,72,313
364,12,598,905
891,37,603,696
846,41,598,85
261,13,8,797
62,18,670,31
418,13,535,735
560,27,670,604
705,46,518,997
316,29,329,589
351,6,525,403
348,25,113,258
23,49,194,790
335,18,666,269
26,26,29,21
345,14,189,365
571,49,606,900
965,31,304,549
815,26,639,505
71,11,75,7
428,40,542,853
216,24,477,463
251,38,449,918
569,14,644,265
87,12,647,455
54,34,645,248
300,23,489,869
218,1,459,105
107,4,161,335
752,45,149,688
613,25,352,460
687,15,575,458
239,44,201,970
305,5,460,763
792,44,160,760
913,46,10,361
41,17,390,373
454,35,280,395
402,48,388,147
798,29,106,209
66,9,719,288
49,7,235,834
748,12,407,352
252,29,242,951
232,37,461,547
377,4,255,966
450,24,185,247
250,23,381,822
776,42,269,639
625,43,189,42
526,25,475,725
336,3,121,621
245,13,654,788
911,20,312,220
689,28,380,706
577,8,333,225
161,32,432,919
812,14,648,630
329,28,700,528
360,5,280,666
138,14,495,798
55,18,516,347
379,7,196,105
851,48,228,899
542,17,227,979
950,46,419,389
76,5,200,368
708,33,730,775
900,41,558,564
281,23,506,940
478,43,689,327
26,11,645,608
465,23,685,793
825,40,639,558
774,39,8,796
950,4,79,116
76,35,106,585
343,2,371,175
555,22,573,953
602,15,45,547
160,7,12,448
590,5,701,41
519,31,506,601
854,36,44,573
512,20,345,417
250,18,481,646
653,16,456,171
757,36,246,62
38,37,216,772
39,27,221,235
572,25,644,106
440,4,159,157
151,29,279,682
158,45,91,484
567,43,188,712
480,29,75,861
59,49,365,711
27,43,82,721
681,36,237,173
363,46,324,92
156,6,210,735
695,35,221,993
49,33,255,230
637,13,220,954
293,28,148,176
419,17,146,259
11,3,714,107
841,31,286,829
174,24,632,102
289,45,269,995
492,16,563,205
785,15,218,409
488,3,457,436
167,47,530,18
699,49,609,697
594,23,418,19
350,9,317,987
650,20,11,574
648,19,510,848
782,29,715,111
19,3,147,455
349,48,508,571
620,35,424,944
554,31,692,508
559,8,124,444
288,40,51,128
980,20,555,197
761,33,583,446
893,25,341,196
660,26,670,483
933,26,221,50
458,11,556,463
133,30,364,858
466,41,222,109
813,36,183,691
760,40,110,881
783,13,77,808
230,16,572,388
774,4,460,582
162,32,291,984
414,48,142,162
995,11,139,335
277,20,385,923
823,42,253,633
413,43,201,774
983,43,632,712
140,25,422,578
106,39,494,396
891,37,403,201
991,13,4,186
825,19,95,321
780,45,636,574
265,18,604,442
470,45,602,263
548,43,319,463
110,47,412,509
381,48,397,586
681,19,523,371
654,28,314,665
575,16,20,608
811,33,516,614
771,4,564,83
335,21,54,680
389,48,301,60
836,13,221,676
739,23,667,392
699,11,438,979
959,50,289,694
659,4,546,361
720,37,349,975
327,6,307,771
773,39,376,465
142,41,703,162
575,7,388,35
754,21,636,860
430,3,333,142
394,29,82,905
427,38,472,469
566,48,73,610
509,25,467,745
897,44,226,124
312,36,95,159
272,32,606,381
909,28,42,332
687,2,708,158
864,3,406,949
345,5,323,463
919,9,26,184
258,42,692,115
875,48,638,789
28,23,220,386
155,28,208,607
807,25,255,571
334,47,441,615
45,24,661,216
387,10,354,423
699,26,379,288
535,7,602,858
946,4,112,806
661,7,491,50
805,31,545,923
129,44,108,961
110,31,431,279
247,43,712,602
608,28,34,405
480,23,143,270
476,45,713,370
22,31,667,71
179,40,457,673
852,11,363,556
756,35,488,109
249,9,667,822
179,33,486,362
257,10,668,528
898,38,28,23
380,26,480,310
71,34,147,662
577,20,681,211
41,21,39,285
278,35,209,579
67,31,195,890
756,3,23,573
403,47,332,693
907,31,560,475
592,32,55,286
100,49,324,484
260,9,639,589
272,14,152,77
367,46,622,431
430,41,550,149
581,12,496,216
53,41,495,255
754,40,246,910
460,3,496,215
289,36,332,804
782,27,495,339
549,20,666,580
609,1,655,57
728,43,606,489
263,38,606,224
452,23,459,815
579,10,504,904
59,46,518,382
378,13,78,389
404,23,58,298
925,15,306,861
277,35,298,410
447,47,114,648
110,29,473,91
418,10,243,57
188,18,523,999
159,37,515,814
945,6,217,705
889,12,46,131
734,32,151,922
744,47,366,491
345,11,186,418
959,12,321,324
303,34,229,121
325,12,144,582
221,3,113,98
501,39,393,548
789,24,99,875
307,23,62,753
887,36,366,270
639,42,80,143
952,19,561,440
444,36,55,704
60,7,348,928
410,16,119,273
217,30,473,18
686,7,315,221
526,38,163,741
15,47,311,831
303,26,208,326
549,22,131,93
804,6,54,125
507,39,725,600
879,11,57,470
491,3,360,863
501,31,152,636
481,24,197,224
221,42,340,429
374,29,200,859
157,38,313,399
30,8,154,749
526,35,705,827
267,22,190,975
769,38,400,717
596,41,237,231
513,40,269,510
748,12,437,600
870,48,491,50
486,46,187,797
935,30,639,10
560,32,248,210
672,46,193,547
649,6,386,621
489,44,366,61
459,36,235,709
527,34,429,875
755,23,357,573
622,40,118,644
211,21,307,407
724,26,660,352
935,10,143,532
582,30,351,929
230,46,254,626
826,43,414,574
570,28,64,68
49,11,348,407
691,42,608,538
171,40,603,756
450,45,434,767
975,37,623,868
455,50,92,290
445,34,588,547
625,26,649,201
1000,9,478,473
346,18,17,889
337,24,368,914
41,35,649,198
772,17,563,282
3,14,406,819
131,36,613,634
333,21,290,318
909,17,495,579
852,9,545,741
613,31,7,591
172,48,414,534
581,34,128,146
678,6,103,730
553,21,574,886
548,22,225,837
211,39,650,942
709,11,609,378
449,44,555,969
761,25,726,355
847,2,615,353
677,42,135,326
922,26,218,61
873,34,6,50
930,3,38,243
708,36,113,25
790,29,280,925
113,12,444,667
767,4,10,837
634,6,55,228
76,9,540,47
457,43,642,145
609,46,625,701
781,20,669,746
289,49,463,260
392,50,166,181
416,40,397,291
37,32,395,248
941,35,399,228
645,6,524,409
889,15,262,343
736,24,322,787
311,31,13,425
920,3,648,506
513,4,375,318
5,29,116,963
173,38,536,633
609,50,499,580
9,7,83,502
730,28,148,83
922,22,514,526
481,15,86,282
329,44,42,675
903,15,255,111
380,9,216,373
174,44,730,331
202,49,186,151
36,36,646,690
94,12,700,509
930,48,320,620
610,16,609,80
813,39,54,970
8,48,100,967
96,9,525,275
771,4,101,833
742,32,144,877
228,17,721,266
403,47,511,498
647,45,644,794
588,42,375,167
783,26,563,851
776,38,45,544
925,11,414,847
954,33,88,828
823,21,270,155
244,35,185,596
82,38,427,623
940,33,562,43
716,18,592,889
709,5,611,561
666,5,496,844
4,42,18,119
980,24,620,116
954,37,477,458
9,50,462,305
767,18,230,973
645,43,266,484
643,48,520,937
880,10,89,839
923,30,692,747
222,36,580,118
291,24,375,9
362,27,657,725
318,42,701,684
641,11,17,136
287,18,432,311
941,49,159,535
765,22,595,844
379,10,722,348
170,44,591,190
975,50,294,998
140,45,54,804
656,37,12,296
157,43,652,356
545,46,299,238
181,41,615,584
93,13,490,884
569,3,492,506
138,10,282,256
112,18,409,914
227,13,188,475
532,36,722,966
757,19,329,815
640,15,26,334
9,28,627,677
603,36,500,383
543,46,324,154
971,23,501,983
172,18,610,159
792,24,579,970
517,31,428,271
21,49,45,773
719,26,587,435
263,28,629,25
117,27,302,282
682,9,241,868
739,29,10,81
789,42,298,71
346,24,68,752
46,49,357,799
973,8,452,499
967,22,482,961
877,33,387,85
665,10,244,840
382,42,701,512
977,29,388,391
163,26,628,51
911,38,88,85
897,40,442,246
785,11,239,397
791,50,163,382
193,29,537,444
218,3,464,62
123,41,641,215
800,43,127,690
773,50,402,766
571,36,622,456
540,4,251,254
679,46,138,236
102,28,314,585
953,22,547,411
262,50,588,79
840,32,38,329
563,1,221,903
949,4,495,811
97,47,298,896
894,27,42,115
38,40,629,355
527,31,172,273
304,5,90,643
82,49,249,969
587,31,238,11
935,14,80,826
64,24,100,804
591,25,547,85
799,20,440,775
598,45,117,9
456,46,393,269
243,47,152,411
861,14,108,290
191,17,226,919
552,10,649,152
264,46,283,884
192,37,344,107
993,24,247,559
305,7,43,798
845,12,320,30
616,31,321,188
740,26,27,706
407,27,378,707
276,48,222,126
902,7,229,654
723,50,3,637
420,16,452,491
302,4,683,641
878,6,623,779
271,12,165,520
367,9,179,37
319,13,240,724
9,41,6,397
909,12,238,61
966,21,31,935
276,29,556,142
966,31,502,200
315,48,354,474
720,13,650,290
435,44,324,149
743,28,493,759
669,43,320,633
613,36,530,248
937,22,93,636
616,8,461,452
949,16,478,852
442,26,15,438
170,24,612,209
800,30,504,163
294,21,461,834
289,17,121,853
820,23,216,628
385,26,34,539
800,27,46,803
314,33,612,589
261,1,653,78
573,24,91,887
914,19,593,435
928,35,471,199
977,26,557,850
992,48,720,620
304,21,392,88
529,39,685,1000
918,5,241,292
635,47,203,729
95,47,392,895
483,24,332,714
32,42,214,913
787,43,110,949
1,40,205,542
794,35,527,187
634,24,388,196
467,40,485,233
766,49,409,772
497,34,583,683
533,36,21,954
99,38,421,933
168,12,209,97
270,9,106,101
679,12,339,247
278,1,281,903
268,18,648,300
1,30,133,775
91,5,127,983
180,21,601,387
914,26,464,881
588,50,723,361
421,7,127,216
626,13,360,245
45,5,597,221
807,26,222,219
594,22,606,498
962,49,373,487
486,33,616,768
496,44,505,735
895,25,105,172
449,50,430,368
116,50,263,709
610,11,319,746
833,7,8,61
822,37,420,618
37,2,279,86
525,5,648,246
423,27,148,36
420,25,437,89
8,11,41,82
95,45,462,279
375,8,690,808
766,33,662,543
833,49,600,251
271,29,470,226
73,4,109,80
747,2,416,52
3,15,7,767
544,22,599,484
230,31,45,398
118,12,286,335
377,23,119,593
376,5,228,805
943,48,131,166
662,9,432,442
865,22,44,616
914,35,27,124
490,41,55,834
642,45,364,427
583,48,303,613
742,47,38,287
334,29,560,790
565,18,504,121
265,41,216,362
75,12,14,47
286,46,353,728
841,8,324,520
181,48,561,316
227,26,338,444
990,33,379,738
562,49,398,634
495,41,263,271
795,15,31,153
463,33,631,972
100,5,471,743
917,20,341,886
448,7,642,530
341,5,169,23
383,17,39,274
521,13,320,358
656,47,475,435
955,49,552,135
910,22,314,69
229,50,726,893
174,5,291,698
439,3,490,486
576,5,575,861
752,19,209,977
618,45,232,630
874,24,663,451
752,36,266,452
420,23,3,348
305,32,385,507
271,18,668,344
219,6,252,935
820,33,428,491
533,9,205,437
183,44,507,766
661,36,279,744
989,10,649,207
841,31,678,303
41,21,646,92
487,46,74,805
450,24,493,668
873,15,161,149
568,13,444,112
203,34,113,315
187,2,696,798
55,9,560,494
673,16,704,291
740,1,208,418
185,31,643,343
400,10,593,353
155,9,302,129
612,15,149,439
471,17,722,338
819,10,705,52
532,9,434,693
830,2,496,356
609,33,109,456
779,42,224,77
785,7,448,26
908,6,729,861
131,19,15,778
195,28,56,201
430,1,553,144
482,34,114,358
815,46,455,731
367,45,537,283
598,36,487,365
735,23,648,163
535,5,46,673
898,46,598,215
112,40,619,671
232,33,591,411
232,24,381,190
237,6,234,246
888,22,530,738
430,12,412,519
843,23,20,239
860,35,336,646
785,1,288,275
827,36,391,668
51,7,49,80
416,43,211,151
638,4,2,49
319,44,169,106
630,38,671,549
643,37,224,930
609,25,712,761
41,32,199,194
116,12,377,429
713,48,402,73
980,17,156,44
394,9,116,270
788,3,159,274
591,38,680,530
841,35,582,255
870,42,300,703
129,7,508,846
871,8,674,121
329,9,155,201
127,12,551,666
847,49,301,92
819,24,650,953
837,12,471,490
385,23,694,367
830,37,186,971
369,16,159,839
1000,18,169,324
883,18,712,809
456,23,585,331
484,25,178,307
843,38,182,608
787,35,638,431
675,7,535,942
469,21,171,531
575,44,185,529
127,29,41,166
932,28,136,275
323,35,367,131
154,19,686,231
83,28,459,134
54,36,236,740
568,34,531,306
706,43,440,90
682,2,534,417
176,12,417,819
671,21,624,81
614,19,13,801
764,27,448,639
858,17,140,334
914,3,377,342
390,43,156,593
460,22,381,602
234,13,568,260
119,38,711,445
170,8,623,523
355,48,703,756
802,41,123,347
382,41,714,980
194,36,526,295
783,28,587,670
463,23,683,244
535,19,476,223
395,22,584,837
176,32,441,441
966,5,126,938
708,13,105,736
491,25,125,857
338,48,641,710
514,48,428,374
754,45,3,910
279,46,517,942
481,4,570,457
167,34,655,292
44,8,13,447
480,47,721,401
281,41,684,359
676,18,35,366
436,3,169,879
60,46,685,939
65,34,453,211
157,35,342,763
408,21,571,640
64,41,624,56
359,50,644,242
526,1,357,688
228,18,430,339
30,50,208,155
300,46,25,872
875,14,27,486
11,45,232,44
568,33,701,346
659,18,656,189
239,41,318,779
531,39,539,220
778,31,657,792
423,49,243,513
603,22,648,427
52,34,627,780
894,32,644,732
193,46,678,783
407,22,300,955
501,29,257,423
765,4,84,681
87,42,34,572
274,13,640,891
725,38,55,865
87,28,642,653
255,23,531,509
361,7,263,404
21,4,144,322
208,2,13,636
774,24,725,650
528,42,291,40
247,42,274,313
635,37,70,743
584,24,730,900
264,1,119,931
463,30,301,977
629,23,21,196
971,21,280,260
626,45,129,321
930,15,55,324
806,34,722,95
195,21,378,113
936,12,673,424
806,43,283,7
27,36,612,736
207,36,673,456
360,21,639,812
561,41,408,959
556,4,403,696
416,28,283,201
31,28,461,198
529,32,322,41
153,31,560,449
657,13,399,167
782,7,563,302
523,5,460,469
924,17,341,325
852,34,298,923
573,48,603,121
85,27,388,107
496,16,666,282
718,49,505,298
183,12,76,593
617,5,296,201
101,23,2,690
585,29,48,970
985,31,111,651
763,3,158,653
41,49,160,659
799,14,292,621
183,24,42,626
990,45,413,84
563,15,19,236
870,33,425,177
562,38,574,121
872,36,630,740
625,39,237,163
558,17,44,840
57,30,525,864
143,27,681,652
622,14,77,695
222,11,265,803
108,38,100,60
654,4,698,900
182,9,354,601
709,7,427,229
217,45,267,344
217,48,306,187
656,8,20,382
379,35,714,905
997,39,112,72
626,35,240,125
45,15,56,765
702,23,153,799
464,2,208,258
262,47,72,547
654,18,314,786
59,46,308,215
523,46,8,508
919,23,368,921
280,48,37,340
782,41,656,370
685,41,326,570
385,20,272,323
148,26,293,400
374,2,487,168
776,46,212,93
832,43,256,896
280,7,628,100
672,28,156,575
528,20,281,550
226,24,501,773
345,15,714,67
307,36,5,538
101,4,164,808
411,9,240,961
656,15,213,145
634,27,85,607
759,16,21,9
135,3,457,627
9,25,301,456
213,39,327,730
542,3,24,755
558,48,700,101
759,31,271,312
73,47,93,477
43,50,478,160
738,16,25,960
735,35,611,302
413,26,448,160
636,33,75,601
854,39,473,523
532,13,355,522
656,50,282,196
283,41,96,990
481,28,352,63
252,28,17,169
615,6,618,220
22,23,691,123
159,30,67,616
543,5,62,952
600,50,528,779
805,17,271,816
975,27,325,815
139,20,649,848
542,36,136,436
363,9,206,286
219,4,314,43
395,15,131,356
752,44,149,577
380,25,607,935
88,1,201,377
164,19,683,862
106,24,291,301
465,40,722,588
342,34,73,714
556,21,712,919
7,8,168,20
538,14,527,590
964,11,101,968
70,27,200,273
507,1,122,866
409,50,374,257
124,34,245,688
651,44,528,279
136,40,700,694
217,41,429,826
219,7,486,678
417,42,91,581
488,14,11,114
313,42,72,96
98,3,636,984
302,43,610,514
587,40,8,682
339,27,485,617
925,48,562,976
344,33,421,265
864,44,621,60
511,40,400,121
551,20,54,277
191,42,102,835
95,27,215,223
281,43,61,125
442,26,255,221
908,7,236,613
214,15,487,198
412,5,508,995
590,35,300,268
656,35,595,618
952,33,208,380
556,32,316,665
276,34,349,205
124,9,275,782
65,32,384,634
772,7,699,427
299,49,575,877
920,41,696,624
861,49,475,654
25,19,443,715
794,20,19,982
833,4,118,786
756,18,604,80
205,16,500,51
582,41,275,477
948,11,406,142
113,25,242,69
347,30,473,795
432,6,361,473
296,15,359,335
658,7,230,390
264,39,246,642
17,7,394,820
637,44,290,767
381,9,580,752
875,41,441,450
664,11,317,649
243,19,672,502
888,3,84,316
627,11,461,586
102,4,167,760
386,40,512,813
319,43,152,519
633,2,400,406
582,3,279,421
246,41,445,290
213,4,264,279
747,40,479,782
830,39,441,955
668,40,511,951
927,30,662,839
995,7,324,451
396,3,418,499
810,43,7,18
771,48,93,178
991,44,563,21
23,10,307,200
71,36,86,962
38,1,628,518
992,11,658,373
715,14,219,319
226,26,347,937
891,40,294,458
13,12,576,126
659,27,189,680
240,25,340,854
582,47,342,435
474,45,640,587
869,31,65,285
726,43,702,780
446,33,381,460
275,37,308,345
168,34,558,993
792,41,163,327
770,4,559,798
920,15,209,984
977,41,407,476
531,3,677,580
961,10,170,878
477,13,372,352
552,30,596,482
458,10,635,527
834,40,516,454
155,22,422,596
877,13,686,719
493,20,424,552
677,25,252,593
870,46,515,283
649,3,372,323
216,32,185,515
382,34,222,581
246,43,76,935
220,20,1,251
715,26,47,485
683,13,660,498
473,6,351,946
49,25,76,248
664,34,52,796
393,18,611,45
53,49,188,974
525,34,644,1
505,13,196,554
234,46,54,288
50,19,505,621
312,48,91,432
976,8,158,232
418,24,168,552
640,13,628,198
234,43,334,504
327,48,460,932
262,19,379,851
553,11,361,667
662,30,275,175
229,32,463,186
32,17,241,583
223,18,338,213
17,15,630,648
379,7,592,284
400,35,485,536
918,30,705,115
247,40,359,956
30,16,695,899
695,34,375,274
217,13,435,402
363,34,655,742
74,40,253,175
762,1,619,399
443,30,663,184
969,7,436,174
321,44,441,975
566,22,458,550
548,17,216,305
469,22,574,361
8,36,51,521
672,28,66,39
321,43,478,155
426,42,714,334
843,10,516,924
699,47,263,404
726,6,333,596
406,21,308,233
589,8,22,361
85,1,440,373
427,42,529,552
388,41,450,251
535,50,649,141
172,25,342,364
935,43,579,608
820,43,624,926
216,14,109,858
137,40,663,638
872,16,124,911
806,48,365,182
251,49,10,674
23,22,86,434
809,27,649,362
148,14,304,827
239,5,584,281
387,22,467,299
923,40,630,849
730,34,70,429
839,19,702,520
312,26,191,275
763,15,720,822
122,19,205,339
446,1,246,258
77,5,281,439
187,23,588,822
892,22,286,104
153,33,28,690
988,39,283,814
627,13,9,347
693,49,328,217
283,4,666,30
608,20,422,464
293,34,17,952
282,7,91,310
327,30,378,831
218,15,607,337
690,5,366,656
466,18,439,16
426,30,515,26
872,35,196,95
190,17,445,950
851,42,367,202
757,1,499,738
808,10,179,600
772,37,372,343
150,5,322,456
976,11,727,238
102,17,572,563
595,29,646,345
374,24,584,425
519,17,121,193
568,37,133,972
874,34,561,569
477,22,395,923
607,46,627,624
16,36,322,791
814,46,402,616
855,9,52,976
158,35,654,782
199,22,137,783
520,29,387,835
683,31,337,390
993,28,484,221
664,7,379,646
826,35,276,127
478,7,281,816
476,40,391,982
571,21,83,612
907,47,729,610
8,30,408,728
370,8,384,964
917,10,27,877
797,14,337,33
520,15,404,538
420,2,445,484
964,34,279,317
602,49,427,267
88,8,244,375
676,50,544,645
651,38,172,899
976,43,495,703
7,2,661,389
611,36,154,88
615,10,622,59
156,19,325,31
451,25,185,298
545,26,278,269
589,50,699,605
554,7,356,600
696,22,101,652
871,30,494,276
252,19,53,145
82,40,505,823
64,11,19,424
940,15,275,529
983,14,174,228
314,33,434,199
272,6,375,794
950,11,104,214
572,48,432,491
653,20,98,657
451,8,260,310
528,23,634,8
806,30,69,250
575,17,342,819
403,34,288,369
568,25,91,440
833,11,286,869
516,18,225,812
798,36,523,912
637,50,223,745
238,45,43,667
732,17,293,578
762,35,70,841
741,34,715,627
825,21,530,115
865,10,219,766
653,33,695,640
837,44,402,465
225,38,474,613
395,2,28,539
428,47,1,671
499,34,34,297
587,38,37,223
214,11,699,869
982,25,201,105
183,43,341,974
662,7,684,779
480,29,436,611
544,14,687,416
884,31,681,123
950,16,591,19
917,36,569,369
877,43,58,532
334,17,157,282
44,8,152,793
518,12,494,196
89,24,300,152
90,9,366,527
545,30,53,415
332,30,54,185
689,17,274,740
376,10,58,988
597,34,127,302
529,8,566,907
909,24,303,549
51,42,375,702
12,4,634,530
345,6,442,514
383,1,326,141
789,37,251,340
262,8,23,464
916,15,458,805
154,4,542,850
522,9,187,364
458,17,399,959
321,42,285,654
260,34,41,441
203,42,270,859
303,48,405,525
42,11,244,297
26,32,24,184
421,42,449,987
739,9,673,439
43,7,516,883
998,35,10,849
241,34,120,297
324,40,14,893
618,32,14,471
645,34,148,299
765,36,709,83
304,37,300,289
97,5,121,407
770,46,269,578
787,27,257,640
866,38,288,669
559,38,688,875
481,43,43,613
427,46,311,589
389,21,266,382
634,4,57,864
22,42,685,890
519,2,501,248
377,3,95,338
671,14,284,540
291,9,597,800
699,43,572,67
977,20,576,596
509,34,232,844
602,2,629,3
596,2,474,116
462,3,130,615
26,12,528,38
844,44,118,229
837,16,137,488
534,1,624,117
90,37,112,873
306,33,568,193
475,32,209,829
897,23,435,937
974,45,510,72
640,19,620,817
666,22,346,416
563,12,82,745
764,1,422,623
54,35,555,305
907,2,204,557
507,21,214,693
372,37,388,386
157,13,696,323
313,25,457,768
863,40,365,821
225,50,554,208
452,32,609,133
755,37,341,484
295,3,336,458
597,13,469,394
839,1,152,572
556,24,377,713
145,38,713,877
974,33,21,41
131,17,404,66
297,5,150,130
848,22,573,7
261,43,521,917
270,37,369,756
117,8,4,370
374,38,404,825
499,48,137,717
532,31,548,264
80,34,371,398
474,44,544,526
416,47,221,178
741,7,397,171
219,38,140,430
363,42,503,797
190,49,259,982
884,17,264,696
195,33,55,452
456,19,268,185
86,19,612,340
836,3,315,689
462,39,266,840
928,46,478,686
836,27,289,315
666,7,354,848
56,45,497,632
691,22,533,331
201,10,447,991
899,25,133,357
799,12,570,481
735,6,440,617
706,19,265,925
263,11,666,648
264,39,570,494
588,27,243,339
497,34,293,392
66,7,204,542
267,21,91,726
985,13,6,986
909,48,137,618
687,40,590,28
241,2,210,762
769,45,684,488
138,2,624,373
425,11,356,830
31,23,510,953
375,41,146,117
268,37,491,264
852,9,65,48
433,43,437,285
400,30,440,239
450,26,36,940
993,30,400,788
787,2,444,718
630,19,137,63
709,9,156,756
896,12,667,885
354,35,539,377
988,9,641,236
570,18,127,385
728,19,577,908
460,37,565,664
315,31,650,262
30,8,572,62
496,27,534,962
118,15,20,709
768,5,5,239
335,25,695,87
270,39,642,663
652,44,260,746
926,39,172,194
955,26,121,124
918,42,436,470
498,17,459,944
830,30,214,72
228,41,220,274
735,7,106,493
813,3,150,834
479,9,579,739
758,16,341,749
359,37,485,248
159,50,704,518
773,26,563,866
496,5,484,669
511,21,59,188
829,18,518,198
615,38,119,144
39,26,687,78
694,22,348,934
621,34,599,761
192,34,216,464
751,30,364,185
979,47,154,957
198,23,387,365
926,23,84,751
324,50,126,578
146,32,659,337
800,45,288,96
836,1,432,496
365,33,363,530
965,49,544,780
235,18,390,151
971,21,710,545
53,19,116,597
785,5,71,114
784,26,517,925
572,1,187,790
515,8,181,336
600,23,275,174
369,4,279,642
251,20,302,137
435,43,129,23
280,32,93,736
866,49,296,879
551,37,34,520
46,17,598,310
764,30,602,373
206,20,240,865
243,4,386,402
433,26,42,283
348,50,155,770
957,15,430,736
746,37,138,223
930,35,166,783
169,3,381,11
188,23,549,62
155,36,639,268
439,48,563,990
200,2,343,236
487,35,635,317
856,2,603,538
857,28,433,516
120,39,548,988
398,18,711,535
821,50,438,800
286,43,443,444
321,37,205,372
165,16,535,373
494,46,103,895
167,8,663,159
165,43,497,901
6,8,103,584
142,42,654,230
771,22,456,243
497,43,216,611
238,12,380,781
697,3,76,850
850,39,178,161
487,43,98,946
589,28,483,859
888,42,14,230
123,1,335,806
207,47,507,120
788,34,36,991
607,34,151,21
896,21,254,672
199,30,693,910
506,22,225,78
160,34,283,850
458,48,609,258
252,15,85,373
768,41,146,82
415,28,264,703
260,47,293,860
347,48,12,653
478,44,264,191
892,5,489,529
511,34,233,28
51,23,483,364
176,22,509,376
950,44,525,195
390,19,620,696
817,9,569,732
620,26,413,897
770,50,572,79
9,28,671,234
9,2,493,823
987,44,169,99
573,11,405,706
353,16,344,873
783,15,556,165
119,34,111,28
557,36,419,777
859,19,140,632
918,18,683,825
239,12,81,844
271,30,299,592
234,47,336,260
588,20,119,4
627,32,381,528
481,47,500,681
910,48,708,445
672,38,539,492
588,26,22,573
458,4,626,603
635,48,210,375
275,45,166,463
927,28,130,616
217,6,476,943
906,41,481,36
502,29,134,807
963,16,677,35
685,40,440,440
595,19,110,435
984,12,38,255
115,23,595,126
338,30,201,107
320,13,32,364
622,26,118,395
20,24,28,370
699,2,253,340
95,49,530,845
842,14,523,723
411,3,297,685
781,2,20,573
111,37,570,139
169,42,146,559
773,16,149,843
940,36,649,646
684,1,12,414
323,23,395,307
172,18,327,787
993,34,71,611
464,11,242,577
409,7,150,297
171,43,132,661
737,12,448,103
410,29,243,249
407,50,421,44
377,13,534,785
858,38,288,260
325,11,302,628
670,2,655,330
882,19,70,224
165,14,461,93
366,16,377,978
874,30,610,347
236,39,713,305
749,22,669,373
619,9,561,640
112,47,330,712
641,48,106,798
327,20,484,831
247,25,375,195
91,37,243,200
412,25,348,147
686,1,246,326
873,18,416,89
146,33,11,367
645,20,241,589
724,7,211,896
891,9,161,378
644,22,434,778
715,2,51,104
61,8,300,698
350,20,496,571
975,16,439,992
282,15,473,266
521,49,145,688
413,9,222,149
818,37,674,569
420,45,100,571
758,33,630,969
69,33,404,202
361,50,615,798
76,10,270,448
6,18,197,99
656,10,264,824
991,3,134,653
75,19,57,635
597,7,289,813
602,46,157,94
271,6,449,105
24,46,82,616
94,21,292,55
169,10,279,808
558,47,63,424
258,12,12,317
875,45,570,565
738,28,200,213
684,11,21,693
64,46,192,444
526,14,601,473
894,4,31,471
195,18,580,340
197,35,673,116
10,8,250,912
877,28,90,969
88,50,699,359
916,3,413,317
455,23,390,760
692,26,97,198
626,27,74,81
55,31,406,780
790,41,270,465
232,19,33,643
246,28,104,819
693,34,267,36
411,7,283,749
798,46,714,545
660,48,325,974
915,18,446,787
872,3,52,525
103,5,518,296
411,21,8,209
950,9,25,768
975,29,500,765
184,26,93,336
442,35,275,628
235,44,250,113
664,19,454,414
537,46,287,779
414,15,557,556
236,19,560,917
950,27,672,888
214,44,29,73
537,36,304,319
341,45,698,902
2,45,166,374
809,10,576,274
227,8,156,794
871,37,381,278
236,8,233,835
873,47,39,962
246,24,184,792
608,20,462,176
654,13,590,19
11,49,385,456
190,33,689,161
333,11,295,800
863,17,187,896
923,14,246,682
784,6,666,88
213,12,464,917
495,14,284,142
124,29,446,741
945,38,467,888
579,31,53,887
778,39,632,686
570,42,274,373
170,9,31,336
587,46,492,786
614,34,702,544
984,18,687,754
864,24,321,311
166,45,488,740
225,1,356,529
113,27,239,737
645,1,519,974
78,41,534,825
234,12,536,120
365,37,334,469
183,28,458,819
440,43,530,491
797,37,563,828
476,26,37,349
619,6,139,660
463,37,507,883
142,33,564,147
260,28,205,355
570,43,354,719
794,39,224,148
74,4,637,569
340,23,397,330
837,31,398,558
12,8,510,545
144,39,656,175
433,33,557,733
798,40,534,377
85,23,354,646
104,38,402,340
828,29,679,777
572,5,420,661
625,8,479,917
155,49,200,118
257,45,27,271
126,22,253,358
312,34,103,192
482,3,186,438
932,50,527,997
884,38,672,183
58,2,348,563
171,4,627,247
887,23,462,298
901,19,67,540
108,19,424,897
607,43,352,696
653,3,488,757
67,46,308,72
808,24,515,55
843,46,262,427
360,30,135,79
100,36,458,823
929,10,516,723
769,35,267,209
844,22,638,478
635,50,682,887
49,13,384,391
354,8,72,429
869,39,617,513
433,1,505,829
507,42,534,842
722,20,30,232
113,44,32,382
732,39,692,342
917,48,250,182
959,24,717,12
520,44,369,534
28,17,685,143
387,29,145,441
601,27,398,574
139,48,306,771
607,18,468,275
386,40,189,334
632,29,427,580
132,17,423,665
334,34,281,60
215,49,340,145
419,9,75,919
175,4,296,12
485,36,314,273
247,31,115,48
29,15,96,804
823,21,234,627
93,10,59,859
850,17,35,751
562,3,415,204
803,29,403,226
73,22,517,425
998,39,23,313
901,24,85,244
165,40,217,121
899,6,251,837
466,7,572,699
249,19,566,676
243,3,524,974
390,48,248,488
63,7,158,900
441,32,641,498
19,29,617,274
65,18,132,913
535,12,266,547
548,16,90,315
281,44,438,545
189,44,699,932
738,4,275,879
20,6,559,12
675,32,628,286
961,39,522,9
694,1,653,423
359,40,384,229
259,50,481,582
866,23,708,494
396,21,74,877
221,39,448,52
99,14,97,230
132,6,30,497
645,1,231,990
175,19,472,136
905,30,709,119
813,10,655,131
957,20,412,808
975,15,605,783
318,34,269,87
574,19,579,516
447,40,232,322
6,10,547,872
983,44,376,4
105,17,447,537
626,30,449,888
223,23,209,701
427,49,714,816
528,28,703,389
442,47,616,425
66,29,643,40
187,31,479,789
911,23,585,79
976,6,21,462
